anio,pib_miles_millones_2015,ocupados,horas_sem_expandidas,horas_anuales,group_code,group_name,group_label_short,group_order,sector_code,dane_groups,pib_pesos_2015,pib_por_trabajador_millones_2015,pib_por_hora_pesos_2015
2010,39943.0,2956386.2670199876,132949949.21140671,6913397358.993149,A,Agropecuario,Agropecuario,0,A,A,39943000000000.0,13.510751435150661,5777.622480796794
2011,40706.0,2962123.234075517,132918897.10351674,6911782649.382871,A,Agropecuario,Agropecuario,0,A,A,40706000000000.0,13.742169647679903,5889.363434140178
2012,41725.00000000001,2949416.079599234,129875306.14163673,6753515919.36511,A,Agropecuario,Agropecuario,0,A,A,41725000000000.01,14.146868015200349,6178.263366546195
2013,44834.99999999999,2866044.599024037,127041660.01723884,6606166320.89642,A,Agropecuario,Agropecuario,0,A,A,44834999999999.99,15.643510926266632,6786.840933474429
2014,46140.0,2835772.625633171,125319488.38932851,6516613396.245083,A,Agropecuario,Agropecuario,0,A,A,46140000000000.0,16.27069800411021,7080.364783736623
2015,48124.0,2822782.0079052006,123696986.48146446,6432243297.036152,A,Agropecuario,Agropecuario,0,A,A,48124000000000.0,17.04842948028886,7481.682171782055
2016,49441.0,2824674.319125413,125238596.8305349,6512407035.187815,A,Agropecuario,Agropecuario,0,A,A,49441000000000.0,17.50325680565826,7591.816625229437
2017,52198.0,2989332.6662863414,130184916.76855534,6769615671.964878,A,Agropecuario,Agropecuario,0,A,A,52198000000000.0,17.461422272833143,7710.629750543808
2018,53029.99999999999,3033345.518531306,130953558.81316756,6809585058.284713,A,Agropecuario,Agropecuario,0,A,A,53029999999999.99,17.482347354110917,7787.552331912259
2019,54471.0,2938597.2203198792,126046441.45668806,6554414955.747779,A,Agropecuario,Agropecuario,0,A,A,54471000000000.0,18.536395400956174,8310.581549651904
2021,57967.99999999999,2744398.01972018,117655679.99291658,6118095359.631662,A,Agropecuario,Agropecuario,0,A,A,57967999999999.99,21.122300622382188,9474.844145529947
2022,57442.0,2904810.4483085475,122052805.6807599,6346745895.399515,A,Agropecuario,Agropecuario,0,A,A,57442000000000.0,19.774784283583152,9050.6223105036
2023,58389.0,2972460.482793254,126403196.76730928,6572966231.900083,A,Agropecuario,Agropecuario,0,A,A,58389000000000.0,19.64332253969318,8883.204011702519
2024,61967.0,2942957.6415224085,122413954.4261189,6365525630.158182,A,Agropecuario,Agropecuario,0,A,A,61967000000000.0,21.05602850877056,9734.78132055846
2025,63894.79103692441,3127958.1670110263,131258843.45357525,6825459859.585913,A,Agropecuario,Agropecuario,0,A,A,63894791036924.414,20.4269966621645,9361.243396250928
2010,38427.0,191369.27809326013,9519565.705094153,495017416.66489595,B,Minas,Minas,1,B,B,38427000000000.0,200.80025583455117,77627.57169009533
2011,43973.99999999999,219230.15538198248,10896110.633486569,566597752.9413016,B,Minas,Minas,1,B,B,43973999999999.99,200.58371953156046,77610.6148881173
2012,46335.0,213174.15960678895,10396683.219675405,540627527.4231211,B,Minas,Minas,1,B,B,46335000000000.0,217.35748875692704,85705.95770595307
2013,48794.0,199412.62389731887,9745044.444395352,506742311.1085583,B,Minas,Minas,1,B,B,48794000000000.0,244.68862124358236,96289.5715048096
2014,48136.0,190084.27413505933,9072386.671843374,471764106.93585545,B,Minas,Minas,1,B,B,48136000000000.0,253.2350465025752,102034.04475310142
2015,47627.0,179129.673096412,8791249.905666092,457144995.0946368,B,Minas,Minas,1,B,B,47627000000000.0,265.8800140519766,104183.57525743096
2016,46253.00000000001,155190.31280836582,7484209.163163993,389178876.4845276,B,Minas,Minas,1,B,B,46253000000000.01,298.0405101516533,118847.66310496008
2017,43592.0,164674.34855725782,7916672.90397888,411666991.00690174,B,Minas,Minas,1,B,B,43592000000000.0,264.71639561302356,105891.4145469321
2018,42868.00000000001,188535.86999711173,8867148.521293255,461091723.10724926,B,Minas,Minas,1,B,B,42868000000000.01,227.3731783806271,92970.65605757789
2019,43693.0,188596.5804910166,9030229.21204678,469571919.0264325,B,Minas,Minas,1,B,B,43693000000000.0,231.67440197613354,93048.57941801348
2021,36980.0,231026.1621088288,10673638.942030106,555029224.9855655,B,Minas,Minas,1,B,B,36980000000000.0,160.06845139287708,66627.12220417173
2022,37518.0,267899.68828948337,12432560.293436846,646493135.258716,B,Minas,Minas,1,B,B,37518000000000.0,140.0449557800878,58033.09881238864
2023,38481.0,266077.72842279804,12447036.770742185,647245912.0785936,B,Minas,Minas,1,B,B,38481000000000.0,144.62315289633565,59453.446181560954
2024,37168.0,279681.8355761561,13067981.786497824,679535052.8978869,B,Minas,Minas,1,B,B,37168000000000.0,132.8938646424155,54696.22183800017
2025,34717.51991331087,299823.92017377104,13782698.184378482,716700305.587681,B,Minas,Minas,1,B,B,34717519913310.867,115.79302909917726,48440.77732720253
2010,23932.0,597890.3662379812,27157524.380547255,1412191267.7884574,C01,"Alimentos, bebidas y tabaco","Alimentos, bebidas y tabaco",2,C,C01,23932000000000.0,40.02740527596029,16946.712917633584
2011,24803.0,614324.6785566962,27684590.45208848,1439598703.508601,C01,"Alimentos, bebidas y tabaco","Alimentos, bebidas y tabaco",2,C,C01,24803000000000.0,40.37441578657161,17229.106930667513
2012,25068.000000000004,608153.1354544178,27255566.448554482,1417289455.3248332,C01,"Alimentos, bebidas y tabaco","Alimentos, bebidas y tabaco",2,C,C01,25068000000000.004,41.219881208486996,17687.28321925925
2013,25935.0,523496.4188698601,23683992.905711826,1231567631.097015,C01,"Alimentos, bebidas y tabaco","Alimentos, bebidas y tabaco",2,C,C01,25935000000000.0,49.54188618135968,21058.526828038248
2014,26659.999999999996,530271.006138224,24486880.01833049,1273317760.9531853,C01,"Alimentos, bebidas y tabaco","Alimentos, bebidas y tabaco",2,C,C01,26659999999999.996,50.27617895640822,20937.42883162389
2015,27219.0,523683.94548614416,24390390.36964231,1268300299.2214,C01,"Alimentos, bebidas y tabaco","Alimentos, bebidas y tabaco",2,C,C01,27219000000000.0,51.9760062049108,21461.005738711516
2016,27871.0,472902.4126220864,22480112.24438496,1168965836.7080178,C01,"Alimentos, bebidas y tabaco","Alimentos, bebidas y tabaco",2,C,C01,27871000000000.0,58.93604950218923,23842.44186167912
2017,27923.999999999996,536213.5547065029,25132295.464608856,1306879364.1596606,C01,"Alimentos, bebidas y tabaco","Alimentos, bebidas y tabaco",2,C,C01,27923999999999.996,52.07626654511601,21366.930082299885
2018,28594.0,597046.6148897866,27136062.96525871,1411075274.1934528,C01,"Alimentos, bebidas y tabaco","Alimentos, bebidas y tabaco",2,C,C01,28594000000000.0,47.8924078738448,20263.979195825577
2019,29391.0,574217.7726873294,25817626.450400043,1342516575.4208024,C01,"Alimentos, bebidas y tabaco","Alimentos, bebidas y tabaco",2,C,C01,29391000000000.0,51.18441364580308,21892.467130834193
2021,30075.0,432419.3198512832,19531437.154264357,1015634732.0217465,C01,"Alimentos, bebidas y tabaco","Alimentos, bebidas y tabaco",2,C,C01,30075000000000.0,69.5505464703643,29612.023941059986
2022,32252.0,526035.0110441843,24402476.872606676,1268928797.3755472,C01,"Alimentos, bebidas y tabaco","Alimentos, bebidas y tabaco",2,C,C01,32252000000000.0,61.31150840317545,25416.71374052269
2023,32056.999999999996,587317.3969080156,26932285.108813006,1400478825.6582763,C01,"Alimentos, bebidas y tabaco","Alimentos, bebidas y tabaco",2,C,C01,32056999999999.996,54.58207124251199,22890.028333653692
2024,32379.000000000004,605258.9875132598,27466816.43832314,1428274454.7928033,C01,"Alimentos, bebidas y tabaco","Alimentos, bebidas y tabaco",2,C,C01,32379000000000.004,53.49610772907467,22670.01267952885
2025,33458.195769954255,658697.2624801123,29476915.466762863,1532799604.271669,C01,"Alimentos, bebidas y tabaco","Alimentos, bebidas y tabaco",2,C,C01,33458195769954.254,50.79449646409368,21828.160495808832
2010,9642.0,615042.3450456902,28332443.51066532,1473287062.5545967,C02,"Textiles, confecciones y cuero","Textiles, confecciones y cuero",3,C,C02,9642000000000.0,15.676969362627734,6544.54942628853
2011,10422.0,646162.1800130641,29694168.10086173,1544096741.2448099,C02,"Textiles, confecciones y cuero","Textiles, confecciones y cuero",3,C,C02,10422000000000.0,16.129077687260015,6749.577096832715
2012,10355.000000000002,673110.4873091623,30917643.262083307,1607717449.628332,C02,"Textiles, confecciones y cuero","Textiles, confecciones y cuero",3,C,C02,10355000000000.002,15.383804286567162,6440.808366167727
2013,10128.0,650347.4242923816,29489529.546803847,1533455536.4338,C02,"Textiles, confecciones y cuero","Textiles, confecciones y cuero",3,C,C02,10128000000000.0,15.573214595290962,6604.6910127917035
2014,10303.0,674218.4615194757,30997936.00636424,1611892672.3309405,C02,"Textiles, confecciones y cuero","Textiles, confecciones y cuero",3,C,C02,10303000000000.0,15.281397036770974,6391.864779123875
2015,10343.0,670309.7372872517,30183559.87504712,1569545113.5024502,C02,"Textiles, confecciones y cuero","Textiles, confecciones y cuero",3,C,C02,10343000000000.0,15.430180146059334,6589.807397711256
2016,10814.999999999998,667970.5517745406,30086683.880959157,1564507561.8098762,C02,"Textiles, confecciones y cuero","Textiles, confecciones y cuero",3,C,C02,10814999999999.998,16.190833519933935,6912.718266116166
2017,10510.000000000002,640600.5593194328,29121200.86337798,1514302444.895655,C02,"Textiles, confecciones y cuero","Textiles, confecciones y cuero",3,C,C02,10510000000000.002,16.406479587163822,6940.489355628167
2018,10397.0,623271.3565339574,28174072.12430703,1465051750.4639654,C02,"Textiles, confecciones y cuero","Textiles, confecciones y cuero",3,C,C02,10397000000000.0,16.68133773677364,7096.677640709543
2019,10473.0,630918.9518118695,28377316.078272168,1475620436.0701528,C02,"Textiles, confecciones y cuero","Textiles, confecciones y cuero",3,C,C02,10473000000000.0,16.599596461516487,7097.353590393147
2021,11683.0,567834.173738714,24324500.76709394,1264874039.888885,C02,"Textiles, confecciones y cuero","Textiles, confecciones y cuero",3,C,C02,11683000000000.0,20.57466869786508,9236.492829773242
2022,13106.0,648355.6740522385,28906833.306343317,1503155331.9298525,C02,"Textiles, confecciones y cuero","Textiles, confecciones y cuero",3,C,C02,13106000000000.0,20.214213470342887,8718.992456470636
2023,11641.0,626794.5185070584,27452993.55486887,1427555664.8531811,C02,"Textiles, confecciones y cuero","Textiles, confecciones y cuero",3,C,C02,11641000000000.0,18.572274734832273,8154.49813033892
2024,11291.0,626827.552993502,27020790.130462643,1405081086.7840574,C02,"Textiles, confecciones y cuero","Textiles, confecciones y cuero",3,C,C02,11291000000000.0,18.012928669262003,8035.835160120748
2025,11916.225372851644,680920.0403536807,29335325.017734483,1525436900.922193,C02,"Textiles, confecciones y cuero","Textiles, confecciones y cuero",3,C,C02,11916225372851.645,17.500183085611884,7811.6802901829415
2010,5406.0,143425.7515516847,6610697.857077741,343756288.5680425,C03,"Madera, papel e impresión","Madera, papel e impresión",4,C,C03,5406000000000.0,37.69197610271473,15726.257758132462
2011,5541.0,139083.26727207057,6392651.658814944,332417886.2583771,C03,"Madera, papel e impresión","Madera, papel e impresión",4,C,C03,5541000000000.0,39.83944372805723,16668.778152608702
2012,5671.000000000002,132115.35520782694,6015807.03359053,312821965.74670756,C03,"Madera, papel e impresión","Madera, papel e impresión",4,C,C03,5671000000000.002,42.924609263466095,18128.522357639744
2013,5660.0,134324.6379950462,6143333.496822633,319453341.8347769,C03,"Madera, papel e impresión","Madera, papel e impresión",4,C,C03,5660000000000.0,42.13672252895806,17717.767381902628
2014,5782.0,121642.37310098158,5638704.176687439,293212617.1877468,C03,"Madera, papel e impresión","Madera, papel e impresión",4,C,C03,5782000000000.0,47.532778690531345,19719.47883913103
2015,6057.0,113420.19948170401,5248701.962048587,272932502.0265266,C03,"Madera, papel e impresión","Madera, papel e impresión",4,C,C03,6057000000000.0,53.403185919956556,22192.300129250692
2016,6414.0,106506.7116771475,4889050.330351642,254230617.1782854,C03,"Madera, papel e impresión","Madera, papel e impresión",4,C,C03,6414000000000.0,60.22155692349868,25229.06198784872
2017,6404.0,102623.8804827674,4535326.631822188,235836984.8547538,C03,"Madera, papel e impresión","Madera, papel e impresión",4,C,C03,6404000000000.0,62.40262958167285,27154.349874105057
2018,6431.0,108095.30227062925,4795929.292733581,249388323.2221462,C03,"Madera, papel e impresión","Madera, papel e impresión",4,C,C03,6431000000000.0,59.493797278065216,25787.093464963455
2019,6389.0,103294.98800095984,4623295.3012811635,240411355.6666205,C03,"Madera, papel e impresión","Madera, papel e impresión",4,C,C03,6389000000000.0,61.85198453133691,26575.283776776563
2021,6192.000000000001,116040.64429988984,5254513.657149049,273234710.17175055,C03,"Madera, papel e impresión","Madera, papel e impresión",4,C,C03,6192000000000.001,53.36061375183073,22661.835299431095
2022,6689.0,130955.6708094279,5713262.0863587065,297089628.49065274,C03,"Madera, papel e impresión","Madera, papel e impresión",4,C,C03,6689000000000.0,51.07835314542513,22515.09093058243
2023,6740.0,122762.33193193041,5215999.860647696,271231992.75368017,C03,"Madera, papel e impresión","Madera, papel e impresión",4,C,C03,6740000000000.0,54.90283455789365,24849.575935243538
2024,6477.999999999999,129410.82286273656,5531634.507705239,287644994.40067244,C03,"Madera, papel e impresión","Madera, papel e impresión",4,C,C03,6477999999999.999,50.05763704069081,22520.816027052184
2025,6433.40447307494,137230.1954568444,5668308.712815095,294752053.0663849,C03,"Madera, papel e impresión","Madera, papel e impresión",4,C,C03,6433404473074.94,46.88038555696797,21826.495884071046
2010,30822.000000000004,258384.08798272558,12652307.631754443,657919996.8512311,C04,"Refinación, químicos y minerales","Refinación, químicos y minerales",5,C,C04,30822000000000.004,119.28753136710426,46847.641274793896
2011,32688.0,281209.6417815544,13706659.064083891,712746271.3323623,C04,"Refinación, químicos y minerales","Refinación, químicos y minerales",5,C,C04,32688000000000.0,116.24068005958439,45862.042798056515
2012,32768.0,267055.79614489776,13131933.309837634,682860532.111557,C04,"Refinación, químicos y minerales","Refinación, químicos y minerales",5,C,C04,32768000000000.0,122.70095041195401,47986.37270582038
2013,33774.0,287679.917933818,13993595.69242635,727666976.0061702,C04,"Refinación, químicos y minerales","Refinación, químicos y minerales",5,C,C04,33774000000000.0,117.40131269006358,46414.089293113146
2014,34786.0,271446.3745501731,13180899.787741568,685406788.9625615,C04,"Refinación, químicos y minerales","Refinación, químicos y minerales",5,C,C04,34786000000000.0,128.1505419169645,50752.34234643698
2015,35555.0,290190.58839600073,13909545.550072849,723296368.6037881,C04,"Refinación, químicos y minerales","Refinación, químicos y minerales",5,C,C04,35555000000000.0,122.52292604156008,49156.88996010506
2016,37081.0,294633.2284648389,14054528.83783866,730835499.5676104,C04,"Refinación, químicos y minerales","Refinación, químicos y minerales",5,C,C04,37081000000000.0,125.85477949383836,50737.81996350548
2017,37118.0,278703.90854433714,13282898.715329273,690710733.1971222,C04,"Refinación, químicos y minerales","Refinación, químicos y minerales",5,C,C04,37118000000000.0,133.180765902661,53738.849298302244
2018,37535.00000000001,270045.8776511607,12786497.805351172,664897885.878261,C04,"Refinación, químicos y minerales","Refinación, químicos y minerales",5,C,C04,37535000000000.01,138.99490089045867,56452.27755600422
2019,37685.0,287738.39124657714,13801558.428751862,717681038.2950968,C04,"Refinación, químicos y minerales","Refinación, químicos y minerales",5,C,C04,37685000000000.0,130.9696625352502,52509.39900756392
2021,38222.0,245531.45232100043,11702854.215975763,608548419.2307397,C04,"Refinación, químicos y minerales","Refinación, químicos y minerales",5,C,C04,38222000000000.0,155.67048391840942,62808.47799804668
2022,40657.0,312668.0577516556,14944287.275202274,777102938.3105183,C04,"Refinación, químicos y minerales","Refinación, químicos y minerales",5,C,C04,40657000000000.0,130.03247051316268,52318.68005594143
2023,41065.0,327279.2905609686,15433855.072375767,802560463.7635399,C04,"Refinación, químicos y minerales","Refinación, químicos y minerales",5,C,C04,41065000000000.0,125.47387257413415,51167.48438794148
2024,39003.0,351285.1914166785,16434604.532456547,854599435.6877404,C04,"Refinación, químicos y minerales","Refinación, químicos y minerales",5,C,C04,39003000000000.0,111.02944545628858,45638.925526100145
2025,39627.18999617694,371813.8867307135,17017717.47848569,884921308.8812559,C04,"Refinación, químicos y minerales","Refinación, químicos y minerales",5,C,C04,39627189996176.94,106.57802575533432,44780.467594655194
2010,13136.0,346198.2716389368,16969205.94961701,882398709.3800845,C05,"Metalurgia, maquinaria y equipo","Metalurgia, maquinaria y equipo",6,C,C05,13136000000000.0,37.94357475504681,14886.69448443379
2011,14287.0,353987.8093512017,17225592.005246043,895730784.2727942,C05,"Metalurgia, maquinaria y equipo","Metalurgia, maquinaria y equipo",6,C,C05,14287000000000.0,40.36014693891746,15950.104932029335
2012,14502.0,369422.0700541403,18020655.63988824,937074093.2741884,C05,"Metalurgia, maquinaria y equipo","Metalurgia, maquinaria y equipo",6,C,C05,14502000000000.0,39.25591126127,15475.83067773138
2013,14298.0,370580.67209264013,17913491.602073956,931501563.3078457,C05,"Metalurgia, maquinaria y equipo","Metalurgia, maquinaria y equipo",6,C,C05,14298000000000.0,38.582692182137585,15349.410632470135
2014,14852.000000000002,364128.3113615199,17544601.785311166,912319292.8361807,C05,"Metalurgia, maquinaria y equipo","Metalurgia, maquinaria y equipo",6,C,C05,14852000000000.002,40.7878199431035,16279.388276256568
2015,15004.000000000002,302711.7093512448,14508833.5141562,754459342.7361224,C05,"Metalurgia, maquinaria y equipo","Metalurgia, maquinaria y equipo",6,C,C05,15004000000000.002,49.565310942730804,19887.08887292255
2016,15266.999999999998,308400.06727995013,14790084.207104467,769084378.7694323,C05,"Metalurgia, maquinaria y equipo","Metalurgia, maquinaria y equipo",6,C,C05,15266999999999.998,49.50388025091247,19850.87777290165
2017,13725.0,298731.58001528535,14281489.126909023,742637434.5992692,C05,"Metalurgia, maquinaria y equipo","Metalurgia, maquinaria y equipo",6,C,C05,13725000000000.0,45.94425537232363,18481.427626128327
2018,14032.0,276915.1871995013,13280849.292507568,690604163.2103935,C05,"Metalurgia, maquinaria y equipo","Metalurgia, maquinaria y equipo",6,C,C05,14032000000000.0,50.672554806070494,20318.441080299614
2019,14297.000000000002,297201.807154963,14298311.117909955,743512178.1313176,C05,"Metalurgia, maquinaria y equipo","Metalurgia, maquinaria y equipo",6,C,C05,14297000000000.002,48.10536024952719,19229.005819289883
2021,15196.0,209835.99568491615,9891320.47983161,514348664.9512437,C05,"Metalurgia, maquinaria y equipo","Metalurgia, maquinaria y equipo",6,C,C05,15196000000000.0,72.41846161998768,29544.16145211627
2022,17042.0,283488.98386700946,13349629.216579756,694180719.2621473,C05,"Metalurgia, maquinaria y equipo","Metalurgia, maquinaria y equipo",6,C,C05,17042000000000.0,60.1152107130722,24549.803137883373
2023,16224.0,296072.684790832,13921934.075722277,723940571.9375584,C05,"Metalurgia, maquinaria y equipo","Metalurgia, maquinaria y equipo",6,C,C05,16224000000000.0,54.797354951747245,22410.679313880697
2024,16059.0,295772.90140795766,13826573.43336214,718981818.5348313,C05,"Metalurgia, maquinaria y equipo","Metalurgia, maquinaria y equipo",6,C,C05,16059000000000.0,54.295034885058406,22335.75256843858
2025,15482.18207986086,317481.16890551354,14524346.749972913,755266030.9985915,C05,"Metalurgia, maquinaria y equipo","Metalurgia, maquinaria y equipo",6,C,C05,15482182079860.861,48.765670522236725,20498.978431998
2010,4986.999999999999,232833.83491324383,10680235.587876985,555372250.5696032,C06,Muebles y otras manufactureras,Muebles y otras manufactureras,7,C,C06,4986999999999.999,21.418708332739545,8979.562797538429
2011,5134.0,246204.9442663649,11320669.908823729,588674835.2588339,C06,Muebles y otras manufactureras,Muebles y otras manufactureras,7,C,C06,5134000000000.0,20.852546301611287,8721.28328322823
2012,5259.0,255965.62505454733,11523397.362840256,599216662.8676933,C06,Muebles y otras manufactureras,Muebles y otras manufactureras,7,C,C06,5259000000000.0,20.5457275713459,8776.458209342527
2013,5279.0,228666.97482924393,10450126.82182403,543406594.7348495,C06,Muebles y otras manufactureras,Muebles y otras manufactureras,7,C,C06,5279000000000.0,23.08597471909562,9714.641027821612
2014,5435.0,254303.57668904407,11659787.611177744,606308955.7812427,C06,Muebles y otras manufactureras,Muebles y otras manufactureras,7,C,C06,5435000000000.0,21.372094214175288,8964.076727180915
2015,5611.0,343699.09424501495,15888523.766359976,826203235.8507187,C06,Muebles y otras manufactureras,Muebles y otras manufactureras,7,C,C06,5611000000000.0,16.3253266998721,6791.307219007086
2016,5558.0,314000.24454412813,14368617.641687306,747168117.3677399,C06,Muebles y otras manufactureras,Muebles y otras manufactureras,7,C,C06,5558000000000.0,17.70062315737752,7438.754238578509
2017,5429.0,294692.2484151823,13407086.336111614,697168489.477804,C06,Muebles y otras manufactureras,Muebles y otras manufactureras,7,C,C06,5429000000000.0,18.4226087696452,7787.213682113563
2018,5585.999999999999,307485.69979614846,13698440.201218711,712318890.463373,C06,Muebles y otras manufactureras,Muebles y otras manufactureras,7,C,C06,5585999999999.999,18.166698495908292,7841.993347061499
2019,5556.999999999999,303736.9184057218,13647472.54770724,709668572.4807764,C06,Muebles y otras manufactureras,Muebles y otras manufactureras,7,C,C06,5556999999999.999,18.295438134975548,7830.415796171568
2021,5856.999999999999,236400.23508642922,10729364.63296968,557926960.9144233,C06,Muebles y otras manufactureras,Muebles y otras manufactureras,7,C,C06,5856999999999.999,24.775779084393243,10497.78987271125
2022,6403.0,317078.5898433526,14426474.517828545,750176674.9270843,C06,Muebles y otras manufactureras,Muebles y otras manufactureras,7,C,C06,6403000000000.0,20.19373179110988,8535.322696646572
2023,6112.999999999999,324990.0145053886,14842103.117679015,771789362.1193087,C06,Muebles y otras manufactureras,Muebles y otras manufactureras,7,C,C06,6112999999999.999,18.809808693056446,7920.5548819873575
2024,5683.000000000001,318567.18956772273,14143062.046497185,735439226.4178536,C06,Muebles y otras manufactureras,Muebles y otras manufactureras,7,C,C06,5683000000000.001,17.83925082715362,7727.355022495221
2025,6039.120710309392,347164.8360637156,15326945.326942367,797001157.0010031,C06,Muebles y otras manufactureras,Muebles y otras manufactureras,7,C,C06,6039120710309.392,17.395542644189412,7577.304822283702
2010,14887.999999999998,55666.19000753505,2726496.08232576,141777796.28093952,D,"Electricidad, gas y vapor","Electricidad, gas y vapor",8,D+E,D,14887999999999.998,267.4513919128422,105009.39068412878
2011,15386.0,65792.69618799268,3263975.387052524,169726720.12673125,D,"Electricidad, gas y vapor","Electricidad, gas y vapor",8,D+E,D,15386000000000.0,233.85574526444137,90651.60741049853
2012,15748.0,61103.28711638906,3021566.1747907386,157121441.08911842,D,"Electricidad, gas y vapor","Electricidad, gas y vapor",8,D+E,D,15748000000000.0,257.727542055198,100228.20495305807
2013,16384.0,59212.32978179671,2895573.2867214433,150569810.90951505,D,"Electricidad, gas y vapor","Electricidad, gas y vapor",8,D+E,D,16384000000000.0,276.6991277049334,108813.3132467435
2014,17031.0,70176.61409230514,3423527.6058262433,178023435.50296465,D,"Electricidad, gas y vapor","Electricidad, gas y vapor",8,D+E,D,17031000000000.0,242.68768478340488,95667.17972767344
2015,16842.0,63582.97847983437,3068676.375097839,159571171.50508764,D,"Electricidad, gas y vapor","Electricidad, gas y vapor",8,D+E,D,16842000000000.0,264.8822122313996,105545.38041643081
2016,16990.0,58300.72012254863,2821208.6103519276,146702847.73830023,D,"Electricidad, gas y vapor","Electricidad, gas y vapor",8,D+E,D,16990000000000.0,291.4200710434943,115812.33944625303
2017,17519.0,62149.8916348516,2977375.989517659,154823551.45491827,D,"Electricidad, gas y vapor","Electricidad, gas y vapor",8,D+E,D,17519000000000.0,281.88303372963446,113154.61914785753
2018,18004.0,63895.12611408822,3066540.8111251155,159460122.17850602,D,"Electricidad, gas y vapor","Electricidad, gas y vapor",8,D+E,D,18004000000000.0,281.77423060176574,112905.97143683111
2019,18549.0,67834.76531786105,3236945.568826348,168321169.5789701,D,"Electricidad, gas y vapor","Electricidad, gas y vapor",8,D+E,D,18549000000000.0,273.4438589576134,110200.04225491964
2021,19492.0,74919.38612948761,3654232.7559932456,190020103.3116488,D,"Electricidad, gas y vapor","Electricidad, gas y vapor",8,D+E,D,19492000000000.0,260.1729806796711,102578.62015805506
2022,20362.0,76192.5122979482,3680845.7465205193,191403978.819067,D,"Electricidad, gas y vapor","Electricidad, gas y vapor",8,D+E,D,20362000000000.0,267.2441081923523,106382.32353178025
2023,20999.0,89591.61702234017,4261883.220308946,221617927.4560652,D,"Electricidad, gas y vapor","Electricidad, gas y vapor",8,D+E,D,20999000000000.0,234.3857684225499,94753.16478700921
2024,21520.000000000004,87777.9346449896,4135602.841822859,215051347.77478868,D,"Electricidad, gas y vapor","Electricidad, gas y vapor",8,D+E,D,21520000000000.004,245.164118830499,100069.1240611833
2025,21878.697007613657,83438.28043470441,3840085.978322292,199684470.8727592,D,"Electricidad, gas y vapor","Electricidad, gas y vapor",8,D+E,D,21878697007613.656,262.2141407232749,109566.34189924046
2010,7030.0,68600.91239612468,3300734.9614360356,171638217.99467385,E,"Agua, saneamiento y desechos","Agua, saneamiento y desechos",9,D+E,E,7030000000000.0,102.4767711456434,40958.243928040254
2011,7210.0,72585.2962207777,3383794.950413785,175957337.4215168,E,"Agua, saneamiento y desechos","Agua, saneamiento y desechos",9,D+E,E,7210000000000.0,99.33141249530537,40975.84167648544
2012,7338.000000000001,71208.53471766376,3280139.8766069184,170567273.58355975,E,"Agua, saneamiento y desechos","Agua, saneamiento y desechos",9,D+E,E,7338000000000.001,103.04944525392348,43021.14846436332
2013,7563.000000000001,82768.48017840568,3861858.2498816065,200816628.99384356,E,"Agua, saneamiento y desechos","Agua, saneamiento y desechos",9,D+E,E,7563000000000.001,91.37536395132685,37661.22376365485
2014,7744.0,82164.73122979853,3871204.907750138,201302655.2030072,E,"Agua, saneamiento y desechos","Agua, saneamiento y desechos",9,D+E,E,7744000000000.0,94.24968455554928,38469.43793260167
2015,7757.000000000001,103591.75839165576,4658232.408503006,242228085.24215633,E,"Agua, saneamiento y desechos","Agua, saneamiento y desechos",9,D+E,E,7757000000000.001,74.88047428129013,32023.536792793035
2016,7607.0,94912.34761086444,4319647.884162776,224621689.97646436,E,"Agua, saneamiento y desechos","Agua, saneamiento y desechos",9,D+E,E,7607000000000.0,80.14763296329255,33865.830146665954
2017,7784.0,101843.37211482115,4637435.034204185,241146621.77861762,E,"Agua, saneamiento y desechos","Agua, saneamiento y desechos",9,D+E,E,7784000000000.0,76.43109058902816,32279.11692308934
2018,7944.0,101763.0972725117,4666510.956870236,242658569.7572523,E,"Agua, saneamiento y desechos","Agua, saneamiento y desechos",9,D+E,E,7944000000000.0,78.06366170957571,32737.356063488372
2019,8052.999999999999,113571.61773917107,5238906.841271565,272423155.7461214,E,"Agua, saneamiento y desechos","Agua, saneamiento y desechos",9,D+E,E,8052999999999.999,70.90680013464758,29560.62959458854
2021,7583.0,153018.4746404598,6931932.84150128,360460507.75806653,E,"Agua, saneamiento y desechos","Agua, saneamiento y desechos",9,D+E,E,7583000000000.0,49.55610763875024,21036.9786337025
2022,7959.0,213928.93586071333,9736974.383299192,506322667.931558,E,"Agua, saneamiento y desechos","Agua, saneamiento y desechos",9,D+E,E,7959000000000.0,37.20394330004059,15719.225118864035
2023,8216.0,211926.39401768416,9284595.915647287,482798987.6136589,E,"Agua, saneamiento y desechos","Agua, saneamiento y desechos",9,D+E,E,8216000000000.0,38.768177215880044,17017.4341926635
2024,8422.0,207801.98690802543,9049027.024210598,470549405.2589511,E,"Agua, saneamiento y desechos","Agua, saneamiento y desechos",9,D+E,E,8422000000000.0,40.52896762593341,17898.226851153355
2025,8391.880274814244,221198.8413751089,9569841.391392114,497631752.35238993,E,"Agua, saneamiento y desechos","Agua, saneamiento y desechos",9,D+E,E,8391880274814.244,37.93817464253032,16863.635077834962
2010,22035.0,647055.5075236511,31893451.354939077,1658459470.456832,F01,Edificaciones,Edificaciones,10,F,F01,22035000000000.0,34.05426542821688,13286.42658595108
2011,22711.0,668198.2067273894,32753137.843376752,1703163167.855591,F01,Edificaciones,Edificaciones,10,F,F01,22711000000000.0,33.98841806420113,13334.600247723085
2012,24045.0,720564.3218128686,35153398.03646741,1827976697.8963053,F01,Edificaciones,Edificaciones,10,F,F01,24045000000000.0,33.36967883658902,13153.88758930667
2013,26444.0,700630.975173973,34064297.8248369,1771343486.8915188,F01,Edificaciones,Edificaciones,10,F,F01,26444000000000.0,37.743121467665226,14928.781569296782
2014,28294.0,715320.1058334061,34478331.72850011,1792873249.882006,F01,Edificaciones,Edificaciones,10,F,F01,28294000000000.0,39.55431948475038,15781.372164408225
2015,30111.0,870154.0184441572,42105848.77216019,2189504136.15233,F01,Edificaciones,Edificaciones,10,F,F01,30111000000000.0,34.60421874950221,13752.428918866903
2016,31906.0,850704.3764211158,41156213.98757613,2140123127.3539586,F01,Edificaciones,Edificaciones,10,F,F01,31906000000000.0,37.505390690744356,14908.488017438733
2017,30260.000000000004,862910.878725537,41437381.44111773,2154743834.9381223,F01,Edificaciones,Edificaciones,10,F,F01,30260000000000.004,35.067352545945475,14043.432685291325
2018,30166.000000000004,747695.0993601924,36003489.98156286,1872181479.0412688,F01,Edificaciones,Edificaciones,10,F,F01,30166000000000.004,40.3453226132059,16112.754205563342
2019,26055.0,858778.7506617384,40986795.02890413,2131313341.5030148,F01,Edificaciones,Edificaciones,10,F,F01,26055000000000.0,30.33959559423556,12224.856614291102
2021,20120.999999999996,967621.8893363515,45215629.80022059,2351212749.6114707,F01,Edificaciones,Edificaciones,10,F,F01,20120999999999.996,20.794279482247024,8557.71133570321
2022,22528.0,980266.9921243191,45869999.305317245,2385239963.876497,F01,Edificaciones,Edificaciones,10,F,F01,22528000000000.0,22.981494002139126,9444.752033832037
2023,22629.999999999996,1004117.8505429231,46880971.74608168,2437810530.7962475,F01,Edificaciones,Edificaciones,10,F,F01,22629999999999.996,22.537195198515825,9282.91994563191
2024,22098.0,987138.4340138233,45892922.21537266,2386431955.1993785,F01,Edificaciones,Edificaciones,10,F,F01,22098000000000.0,22.385917961016755,9259.849186922987
2025,20466.390757447632,1028001.0358434257,47356863.44634673,2462556899.21003,F01,Edificaciones,Edificaciones,10,F,F01,20466390757447.633,19.90892036471144,8311.03263604309
2010,9751.0,117137.8138441624,5989705.101959455,311464665.3018916,F02,Obras civiles,Obras civiles,11,F,F02,9751000000000.0,83.24382776148202,31306.922056627845
2011,11003.0,156112.66371710788,7851009.1508753495,408252475.8455182,F02,Obras civiles,Obras civiles,11,F,F02,11003000000000.0,70.48114956220695,26951.45933214992
2012,11662.000000000002,160417.35373759133,8287396.565373865,430944621.399441,F02,Obras civiles,Obras civiles,11,F,F02,11662000000000.002,72.69787045032892,27061.481733149503
2013,13177.000000000002,149594.4358538845,7668190.280096264,398745894.5650057,F02,Obras civiles,Obras civiles,11,F,F02,13177000000000.002,88.08482698427741,33046.10825993549
2014,14914.000000000002,199513.51984706303,10048308.497068118,522512041.84754217,F02,Obras civiles,Obras civiles,11,F,F02,14914000000000.002,74.75182639969621,28542.882853504816
2015,15905.999999999998,199277.54089162932,10008280.056567425,520430562.9415061,F02,Obras civiles,Obras civiles,11,F,F02,15905999999999.998,79.81832738818252,30563.15507317305
2016,15492.0,195388.74402222008,9718805.432051385,505377882.466672,F02,Obras civiles,Obras civiles,11,F,F02,15492000000000.0,79.28808835701514,30654.28966615223
2017,16505.0,174413.05188944688,8576823.51272122,445994822.66150343,F02,Obras civiles,Obras civiles,11,F,F02,16505000000000.0,94.6316793450861,37007.15605061361
2018,16106.0,186078.72838050936,9038938.498464504,470024801.9201542,F02,Obras civiles,Obras civiles,11,F,F02,16106000000000.0,86.55476174076762,34266.27687348298
2019,18250.0,196514.54240200025,9603363.585270945,499374906.4340891,F02,Obras civiles,Obras civiles,11,F,F02,18250000000000.0,92.86844513861404,36545.68895004891
2021,12318.0,155908.7922113387,7600853.69879082,395244392.3371227,F02,Obras civiles,Obras civiles,11,F,F02,12318000000000.0,79.0077315415452,31165.527554135148
2022,11793.0,217808.73984766006,10609000.069101652,551668003.5932859,F02,Obras civiles,Obras civiles,11,F,F02,11793000000000.0,54.1438328335597,21376.987469250296
2023,10307.0,227328.76970278475,10835680.421390139,563455381.9122872,F02,Obras civiles,Obras civiles,11,F,F02,10307000000000.0,45.33961985311242,18292.486558597615
2024,11029.0,218479.34930008114,10389330.414204571,540245181.5386378,F02,Obras civiles,Obras civiles,11,F,F02,11029000000000.0,50.48074353632242,20414.804938359674
2025,11939.425353011724,212442.30855047225,9941098.60471898,516937127.44538695,F02,Obras civiles,Obras civiles,11,F,F02,11939425353011.725,56.2007889787883,23096.474830535546
2010,8542.0,194282.74607351254,8994856.214069353,467732523.1316064,F03,Actividades especializadas de construcción,Actividades especializadas de construcción,12,F,F03,8542000000000.0,43.96684817687252,18262.574393606
2011,8889.0,222261.08772549668,10106331.646665983,525529245.62663114,F03,Actividades especializadas de construcción,Actividades especializadas de construcción,12,F,F03,8889000000000.0,39.9935053452917,16914.377409007797
2012,9413.0,239727.32883470482,11072832.45883162,575787287.8592442,F03,Actividades especializadas de construcción,Actividades especializadas de construcción,12,F,F03,9413000000000.0,39.26544397652046,16348.05109191831
2013,10552.0,234049.04114421117,10734871.020656824,558213293.0741549,F03,Actividades especializadas de construcción,Actividades especializadas de construcción,12,F,F03,10552000000000.0,45.0845683811125,18903.168611210836
2014,11395.0,239390.65507493928,11035241.845645584,573832575.9735703,F03,Actividades especializadas de construcción,Actividades especializadas de construcción,12,F,F03,11395000000000.0,47.6000201279072,19857.70846255482
2015,12024.999999999998,294614.79754796653,13656888.562826788,710158205.2669929,F03,Actividades especializadas de construcción,Actividades especializadas de construcción,12,F,F03,12024999999999.998,40.81600822525622,16932.846668270275
2016,12727.0,312992.3543913582,14461166.742696315,751980670.6202084,F03,Actividades especializadas de construcción,Actividades especializadas de construcción,12,F,F03,12727000000000.0,40.662335106391964,16924.637157898218
2017,12220.999999999998,274599.9159736944,12623972.948787535,656446593.3369519,F03,Actividades especializadas de construcción,Actividades especializadas de construcción,12,F,F03,12220999999999.998,44.504747777019425,18616.899111131497
2018,11978.999999999996,340695.496318784,15804419.826077363,821829830.9560229,F03,Actividades especializadas de construcción,Actividades especializadas de construcción,12,F,F03,11978999999999.996,35.16042956080468,14576.010201607061
2019,11671.0,326684.1710718316,14882734.05190039,773902170.6988204,F03,Actividades especializadas de construcción,Actividades especializadas de construcción,12,F,F03,11671000000000.0,35.725636665248075,15080.717488440803
2021,8642.0,201464.66149630965,8927589.913588265,464234675.5065898,F03,Actividades especializadas de construcción,Actividades especializadas de construcción,12,F,F03,8642000000000.0,42.895860424426346,18615.584866790778
2022,9478.000000000002,284258.16293183964,12861854.860063234,668816452.7232882,F03,Actividades especializadas de construcción,Actividades especializadas de construcción,12,F,F03,9478000000000.002,33.34292989951064,14171.30209851666
2023,9521.0,289983.1371284272,12933291.143825661,672531139.4789344,F03,Actividades especializadas de construcción,Actividades especializadas de construcción,12,F,F03,9521000000000.0,32.83294364728304,14156.965292903325
2024,9362.0,283090.6283772325,12397634.907353558,644677015.182385,F03,Actividades especializadas de construcción,Actividades especializadas de construcción,12,F,F03,9362000000000.0,33.070681476338606,14522.000598007058
2025,9082.220023194926,339941.72464932635,14865830.258998314,773023173.4679123,F03,Actividades especializadas de construcción,Actividades especializadas de construcción,12,F,F03,9082220023194.926,26.716991074172697,11748.962172053078
2010,51171.0,3144664.4737500353,155206146.00506273,8070719592.263262,G,Comercio y reparación,Comercio y reparación,13,G+H+I,G,51171000000000.0,16.272324258167426,6340.326833936028
2011,55266.0,3265100.366157509,159086765.34845498,8272511798.119659,G,Comercio y reparación,Comercio y reparación,13,G+H+I,G,55266000000000.0,16.926279073325723,6680.679502030079
2012,57437.00000000001,3281253.0372032267,158906950.60285628,8263161431.348526,G,Comercio y reparación,Comercio y reparación,13,G+H+I,G,57437000000000.01,17.50459332114063,6950.971547293908
2013,60129.99999999999,3357003.1300835325,160751935.3347063,8359100637.404728,G,Comercio y reparación,Comercio y reparación,13,G+H+I,G,60129999999999.99,17.91180933409013,7193.357588127891
2014,63124.00000000001,3318725.750194378,157342142.7140483,8181791421.130511,G,Comercio y reparación,Comercio y reparación,13,G+H+I,G,63124000000000.01,19.020553294077654,7715.180789988644
2015,64866.00000000001,3305405.7339524366,155904922.78835678,8107055984.994553,G,Comercio y reparación,Comercio y reparación,13,G+H+I,G,64866000000000.01,19.624217182692586,8001.178247696977
2016,67212.0,3327979.966920793,157122902.88744748,8170390950.147268,G,Comercio y reparación,Comercio y reparación,13,G+H+I,G,67212000000000.0,20.196035032683135,8226.289342835978
2017,68291.0,3302221.4990929025,154548983.68422508,8036547151.579704,G,Comercio y reparación,Comercio y reparación,13,G+H+I,G,68291000000000.0,20.680320813960865,8497.554821983018
2018,70201.0,3347475.3947700993,157681131.46667272,8199418836.266981,G,Comercio y reparación,Comercio y reparación,13,G+H+I,G,70201000000000.0,20.971326662976512,8561.704360008154
2019,73036.0,3580631.1766957105,168970412.5426471,8786461452.21765,G,Comercio y reparación,Comercio y reparación,13,G+H+I,G,73036000000000.0,20.39752110615294,8312.333741766563
2021,81200.0,3130347.295958381,145851941.2158479,7584300943.224092,G,Comercio y reparación,Comercio y reparación,13,G+H+I,G,81200000000000.0,25.939613826503543,10706.326213564229
2022,86702.0,3641524.378362894,171091814.51108447,8896774354.576393,G,Comercio y reparación,Comercio y reparación,13,G+H+I,G,86702000000000.0,23.809259802066265,9745.329772852061
2023,82301.99999999999,3722876.404271566,174536265.68061042,9075885815.391743,G,Comercio y reparación,Comercio y reparación,13,G+H+I,G,82301999999999.98,22.107099742975098,9068.20575688871
2024,82774.0,3727427.3765290533,173721753.28882125,9033531171.018705,G,Comercio y reparación,Comercio y reparación,13,G+H+I,G,82774000000000.0,22.206737150994048,9162.97275483532
2025,89046.74245592864,3902758.903545778,179586768.97197655,9338511986.54278,G,Comercio y reparación,Comercio y reparación,13,G+H+I,G,89046742455928.64,22.81635751955544,9535.43161739783
2010,32834.99999999999,1151718.1356474306,65754085.5533176,3419212448.7725153,H,Transporte y almacenamiento,Transporte y almacenamiento,14,G+H+I,H,32834999999999.992,28.509579717212684,9603.088574325833
2011,35145.99999999999,1193770.1189741797,67788245.31212784,3524988756.230648,H,Transporte y almacenamiento,Transporte y almacenamiento,14,G+H+I,H,35145999999999.992,29.44117920307919,9970.528257112066
2012,36429.00000000001,1254441.6825161048,70468169.25125065,3664344801.065034,H,Transporte y almacenamiento,Transporte y almacenamiento,14,G+H+I,H,36429000000000.01,29.04001079343306,9941.477120114896
2013,37733.0,1259351.3984629146,70007569.32671785,3640393604.9893284,H,Transporte y almacenamiento,Transporte y almacenamiento,14,G+H+I,H,37733000000000.0,29.96224885766954,10365.08798067472
2014,39277.99999999999,1292233.5628664815,71255830.35110809,3705303178.257621,H,Transporte y almacenamiento,Transporte y almacenamiento,14,G+H+I,H,39277999999999.99,30.39543402113163,10600.48209562977
2015,40703.0,1323724.6708847093,71878096.4692561,3737661016.4013176,H,Transporte y almacenamiento,Transporte y almacenamiento,14,G+H+I,H,40703000000000.0,30.74884142847939,10889.96562860843
2016,40789.0,1327315.9916502156,71828803.93811746,3735097804.782108,H,Transporte y almacenamiento,Transporte y almacenamiento,14,G+H+I,H,40789000000000.0,30.73043665305965,10920.463701854651
2017,41621.0,1307136.1311430323,69922679.92916001,3635979356.316321,H,Transporte y almacenamiento,Transporte y almacenamiento,14,G+H+I,H,41621000000000.0,31.841366027885933,11446.984683149307
2018,42646.99999999999,1309855.6571097171,69680793.60610268,3623401267.517339,H,Transporte y almacenamiento,Transporte y almacenamiento,14,G+H+I,H,42646999999999.99,32.55854930924482,11769.880521463916
2019,44127.0,1419848.2835749525,75812012.75910714,3942224663.4735713,H,Transporte y almacenamiento,Transporte y almacenamiento,14,G+H+I,H,44127000000000.0,31.078672637399837,11193.425988340005
2021,40654.0,1279441.8822511912,63477995.914952815,3300855787.577546,H,Transporte y almacenamiento,Transporte y almacenamiento,14,G+H+I,H,40654000000000.0,31.774792246498034,12316.199984560799
2022,48072.0,1541715.5896623929,78026072.29937291,4057355759.5673914,H,Transporte y almacenamiento,Transporte y almacenamiento,14,G+H+I,H,48072000000000.0,31.180848349939094,11848.110653507396
2023,48357.99999999999,1662206.7675834727,83922687.49056841,4363979749.509558,H,Transporte y almacenamiento,Transporte y almacenamiento,14,G+H+I,H,48357999999999.99,29.0926501702933,11081.169660660013
2024,48690.0,1652894.955281466,82392591.13997413,4284414739.278655,H,Transporte y almacenamiento,Transporte y almacenamiento,14,G+H+I,H,48690000000000.0,29.457407347285866,11364.446012571996
2025,49775.56157649909,1792508.0377381232,88028234.6597681,4577468202.307941,H,Transporte y almacenamiento,Transporte y almacenamiento,14,G+H+I,H,49775561576499.086,27.768668551862337,10874.037650638937
2010,23796.0,863326.4591965568,40038891.22282215,2082022343.586752,I,Alojamiento y comida,Alojamiento y comida,15,G+H+I,I,23796000000000.0,27.563153829601642,11429.272156131638
2011,24756.0,914136.6225455772,42368050.39988361,2203138620.7939477,I,Alojamiento y comida,Alojamiento y comida,15,G+H+I,I,24756000000000.0,27.081291121520195,11236.696486705248
2012,25686.0,1007364.3604454016,45490050.9632399,2365482650.0884748,I,Alojamiento y comida,Alojamiento y comida,15,G+H+I,I,25686000000000.0,25.49822190318809,10858.671907417829
2013,27318.000000000004,1085871.3508214953,48312320.633648045,2512240672.9496984,I,Alojamiento y comida,Alojamiento y comida,15,G+H+I,I,27318000000000.004,25.15767634843031,10873.958173730667
2014,28679.0,1143580.465954698,50201926.063349314,2610500155.294164,I,Alojamiento y comida,Alojamiento y comida,15,G+H+I,I,28679000000000.0,25.07825278045288,10986.017350674438
2015,29860.0,1272254.789597796,54569673.69865186,2837623032.3298965,I,Alojamiento y comida,Alojamiento y comida,15,G+H+I,I,29860000000000.0,23.470141550372773,10522.891751228404
2016,31065.0,1311593.7793163897,55749612.73696569,2898979862.322216,I,Alojamiento y comida,Alojamiento y comida,15,G+H+I,I,31065000000000.0,23.68492477616908,10715.838493308991
2017,31746.0,1255587.403223261,54332653.18280992,2825297965.506116,I,Alojamiento y comida,Alojamiento y comida,15,G+H+I,I,31746000000000.0,25.283783445504284,11236.336976695877
2018,32589.0,1249165.667211511,54653669.060844555,2841990791.163917,I,Alojamiento y comida,Alojamiento y comida,15,G+H+I,I,32589000000000.0,26.088613268364806,11466.961856921924
2019,33711.99999999999,1359924.6486790935,59136001.90360733,3075072098.9875813,I,Alojamiento y comida,Alojamiento y comida,15,G+H+I,I,33711999999999.992,24.78960877188655,10962.994985092913
2021,34499.0,1120390.0807817315,47391883.2415053,2464377928.5582757,I,Alojamiento y comida,Alojamiento y comida,15,G+H+I,I,34499000000000.0,30.79195415219042,13999.070353702933
2022,41050.0,1360637.649940014,58625372.38257941,3048519363.8941293,I,Alojamiento y comida,Alojamiento y comida,15,G+H+I,I,41050000000000.0,30.169678166563862,13465.55330636424
2023,39059.0,1527095.3362225199,64971070.773041025,3378495680.1981335,I,Alojamiento y comida,Alojamiento y comida,15,G+H+I,I,39059000000000.0,25.57731601526451,11561.062584430882
2024,40444.0,1568946.9854121231,66110747.10594185,3437758849.508976,I,Alojamiento y comida,Alojamiento y comida,15,G+H+I,I,40444000000000.0,25.777798979852957,11764.64137552194
2025,40636.9681586291,1733839.7050460204,72853299.75740421,3788371587.385019,I,Alojamiento y comida,Alojamiento y comida,15,G+H+I,I,40636968158629.09,23.437557716761646,10726.764051854634
2010,18256.0,402037.1967131855,19935862.37233668,1036664843.3615073,J,Información y comunicaciones,Información y comunicaciones,16,J,J,18256000000000.0,45.408733692429664,17610.32036236782
2011,20153.0,408134.9261303092,20135948.490744945,1047069321.5187371,J,Información y comunicaciones,Información y comunicaciones,16,J,J,20153000000000.0,49.37827838229546,19247.054216781737
2012,20415.0,377671.27716928377,18270272.14579432,950054151.5813047,J,Información y comunicaciones,Información y comunicaciones,16,J,J,20415000000000.0,54.054944694270134,21488.248818260025
2013,22218.0,366370.7330956932,17777378.635688603,924423689.0558074,J,Información y comunicaciones,Información y comunicaciones,16,J,J,22218000000000.0,60.643490303568626,24034.433845689455
2014,23653.999999999996,366518.96632378054,17098322.662543047,889112778.4522384,J,Información y comunicaciones,Información y comunicaciones,16,J,J,23653999999999.996,64.536905790311,26604.049084950417
2015,23961.0,338200.07860969775,16028108.197929539,833461626.292336,J,Información y comunicaciones,Información y comunicaciones,16,J,J,23961000000000.0,70.8485938220386,28748.77408164644
2016,23804.0,289345.52941320656,13498997.077806404,701947848.045933,J,Información y comunicaciones,Información y comunicaciones,16,J,J,23804000000000.0,82.26842159363778,33911.35120118261
2017,23758.0,291393.4158963241,13427030.994078625,698205611.6920885,J,Información y comunicaciones,Información y comunicaciones,16,J,J,23758000000000.0,81.53238441205185,34027.225794451755
2018,24595.0,285920.42743049224,13215711.987138022,687217023.3311771,J,Información y comunicaciones,Información y comunicaciones,16,J,J,24595000000000.0,86.02043659849762,35789.27640758895
2019,24821.0,287226.7805251041,13383189.049760565,695925830.5875494,J,Información y comunicaciones,Información y comunicaciones,16,J,J,24821000000000.0,86.41603667534966,35666.157094707014
2021,27210.0,310193.32753567735,14505635.841439752,754293063.7548671,J,Información y comunicaciones,Información y comunicaciones,16,J,J,27210000000000.0,87.71948841120833,36073.512149970935
2022,30564.0,359790.87452721596,16840956.424313862,875729734.0643208,J,Información y comunicaciones,Información y comunicaciones,16,J,J,30564000000000.0,84.94934742345174,34901.1787668216
2023,31034.000000000004,382663.4118305091,17755654.94556381,923294057.1693182,J,Información y comunicaciones,Información y comunicaciones,16,J,J,31034000000000.004,81.09999294561696,33612.26010177691
2024,30969.0,388326.4723371959,17449579.45642205,907378131.7339466,J,Información y comunicaciones,Información y comunicaciones,16,J,J,30969000000000.0,79.74990685957836,34130.20318312064
2025,31286.88267426024,398052.6886598733,17674330.998138268,919065211.9031899,J,Información y comunicaciones,Información y comunicaciones,16,J,J,31286882674260.24,78.59985264662826,34042.07043096726
2010,22312.0,220834.9530420208,9983967.821821332,519166326.73470926,K,Financieras y seguros,Financieras y seguros,17,K,K,22312000000000.0,101.03473065585972,42976.59314757772
2011,24754.0,215059.7265371115,9698753.50135436,504335182.0704267,K,Financieras y seguros,Financieras y seguros,17,K,K,24754000000000.0,115.10290838079513,49082.437394865876
2012,26626.0,233934.4768817163,10613882.52972589,551921891.5457463,K,Financieras y seguros,Financieras y seguros,17,K,K,26626000000000.0,113.81819539777729,48242.3335762776
2013,29160.000000000004,257989.93427983735,11617209.42813478,604094890.2630086,K,Financieras y seguros,Financieras y seguros,17,K,K,29160000000000.004,113.02766552268137,48270.56224114796
2014,32139.0,254497.70455383335,11408103.73887859,593221394.4216866,K,Financieras y seguros,Financieras y seguros,17,K,K,32139000000000.0,126.28404667281275,54177.07503845394
2015,34696.0,272999.8248966723,12334662.78096596,641402464.6102298,K,Financieras y seguros,Financieras y seguros,17,K,K,34696000000000.0,127.09165660868864,54093.961146663525
2016,35726.0,280941.9267083797,12725111.401045987,661705792.8543913,K,Financieras y seguros,Financieras y seguros,17,K,K,35726000000000.0,127.16507079800843,53990.76203623552
2017,37651.0,257062.32777971926,11585918.114961378,602467741.9779917,K,Financieras y seguros,Financieras y seguros,17,K,K,37651000000000.0,146.46642440841714,62494.63228750827
2018,39057.0,250553.43958245736,11325582.439573865,588930286.857841,K,Financieras y seguros,Financieras y seguros,17,K,K,39057000000000.0,155.88291290308274,66318.54545702414
2019,41505.00000000001,282806.7849171858,12870607.097923677,669271569.0920312,K,Financieras y seguros,Financieras y seguros,17,K,K,41505000000000.01,146.760976799598,62015.184742283105
2021,44003.0,306701.0525111208,14141201.743500078,735342490.6620041,K,Financieras y seguros,Financieras y seguros,17,K,K,44003000000000.0,143.4719562900896,59840.143278522606
2022,46940.00000000001,398280.92024183273,18386746.334766705,956110809.4078686,K,Financieras y seguros,Financieras y seguros,17,K,K,46940000000000.01,117.85651185976583,49094.727868488946
2023,51135.0,398854.53248340456,18440259.142222404,958893475.395565,K,Financieras y seguros,Financieras y seguros,17,K,K,51135000000000.0,128.2046356139318,53327.09139449058
2024,51684.00000000001,398161.45383580204,17941443.82122553,932955078.7037276,K,Financieras y seguros,Financieras y seguros,17,K,K,51684000000000.01,129.8066387443773,55398.16565639057
2025,53112.34172668485,426553.97783145675,18849604.10033033,980179413.2171772,K,Financieras y seguros,Financieras y seguros,17,K,K,53112341726684.85,124.51493711698781,54186.34691822161
2010,59932.0,214047.2855106472,10940366.729916891,568899069.9556783,L,Inmobiliarias,Inmobiliarias,18,L,L,59932000000000.0,279.99420715390875,105347.33341130118
2011,61628.0,233150.699929674,12211214.165570995,634983136.6096917,L,Inmobiliarias,Inmobiliarias,18,L,L,61628000000000.0,264.32689251453695,97054.54593494377
2012,63579.0,266075.0932555178,13712819.955932118,713066637.7084701,L,Inmobiliarias,Inmobiliarias,18,L,L,63579000000000.0,238.95133972176677,89162.77475036438
2013,65625.0,286498.7777829726,14785887.349057373,768866142.1509833,L,Inmobiliarias,Inmobiliarias,18,L,L,65625000000000.0,229.05856879330906,85352.95860005905
2014,67664.00000000001,318304.4186937912,16138780.187441135,839216569.7469391,L,Inmobiliarias,Inmobiliarias,18,L,L,67664000000000.016,212.57637665750653,80627.57867186025
2015,69825.0,225334.55674141136,11519366.147391748,599007039.6643709,L,Inmobiliarias,Inmobiliarias,18,L,L,69825000000000.0,309.8725779558505,116567.9121886841
2016,72289.0,225742.42549660112,11553347.741371566,600774082.5513215,L,Inmobiliarias,Inmobiliarias,18,L,L,72289000000000.0,320.22779874440755,120326.42901805716
2017,74495.0,240339.78011003227,12222099.559089214,635549177.0726391,L,Inmobiliarias,Inmobiliarias,18,L,L,74495000000000.0,309.9570115521231,117213.58895172593
2018,77449.0,249543.04435480476,12518348.648888705,650954129.7422127,L,Inmobiliarias,Inmobiliarias,18,L,L,77449000000000.0,310.3632890279307,118977.66134561729
2019,79963.99999999999,253032.18750207868,12509076.985952308,650472003.26952,L,Inmobiliarias,Inmobiliarias,18,L,L,79963999999999.98,316.0230356042868,122932.27010243402
2021,83143.0,149585.37086647484,6934301.836973206,360583695.52260673,L,Inmobiliarias,Inmobiliarias,18,L,L,83143000000000.0,555.8230695849019,230578.92254251236
2022,84843.0,207145.74356635413,9885294.350800514,514035306.24162674,L,Inmobiliarias,Inmobiliarias,18,L,L,84843000000000.0,409.5811892597378,165052.86498768008
2023,86413.0,261865.00296722958,12444647.473432647,647121668.6184976,L,Inmobiliarias,Inmobiliarias,18,L,L,86413000000000.0,329.99064029496884,133534.394211336
2024,88322.0,294037.99961779255,13817886.573843107,718530101.8398416,L,Inmobiliarias,Inmobiliarias,18,L,L,88322000000000.0,300.3761422496616,122920.38952000195
2025,90073.80494244305,316513.85220982396,14490046.618616177,753482424.1680412,L,Inmobiliarias,Inmobiliarias,18,L,L,90073804942443.05,284.58092533255433,119543.33910561772
2010,45354.0,835401.7370207548,35174878.75567031,1829093695.294856,M+N,Profesionales y administrativas,Profesionales y administrativas,19,M+N,M+N,45354000000000.0,54.29004751862662,24795.88668238714
2011,48568.0,884538.930710189,36685813.69328726,1907662312.0509377,M+N,Profesionales y administrativas,Profesionales y administrativas,19,M+N,M+N,48568000000000.0,54.90770198323001,25459.432570004643
2012,50907.0,911023.9309845243,37970088.61449066,1974444607.953514,M+N,Profesionales y administrativas,Profesionales y administrativas,19,M+N,M+N,50907000000000.0,55.87888338452963,25782.946654940315
2013,53593.0,970342.469757578,40629370.45939362,2112727263.8884683,M+N,Profesionales y administrativas,Profesionales y administrativas,19,M+N,M+N,53593000000000.0,55.231015512893315,25366.7384882241
2014,57500.0,970105.6074792696,40106473.378579095,2085536615.6861129,M+N,Profesionales y administrativas,Profesionales y administrativas,19,M+N,M+N,57500000000000.0,59.271897365286314,27570.841752439475
2015,57392.0,999714.0772931718,41001090.27765888,2132056694.4382617,M+N,Profesionales y administrativas,Profesionales y administrativas,19,M+N,M+N,57392000000000.0,57.40841436923117,26918.608754501816
2016,55995.0,1030584.5040919137,42168070.19193524,2192739649.980633,M+N,Profesionales y administrativas,Profesionales y administrativas,19,M+N,M+N,55995000000000.0,54.33324465647703,25536.54739653865
2017,56810.00000000001,1048883.1213053167,42894137.85343413,2230495168.378575,M+N,Profesionales y administrativas,Profesionales y administrativas,19,M+N,M+N,56810000000000.01,54.162374096840225,25469.680815895776
2018,59066.0,1062217.686240592,43434070.160199694,2258571648.3303843,M+N,Profesionales y administrativas,Profesionales y administrativas,19,M+N,M+N,59066000000000.0,55.606304399851204,26151.926614178334
2019,61102.000000000015,1128460.979981186,45930961.62205129,2388410004.3466673,M+N,Profesionales y administrativas,Profesionales y administrativas,19,M+N,M+N,61102000000000.016,54.14631173247897,25582.70978969293
2021,63167.0,1331692.378273725,57869408.27747129,3009209230.428507,M+N,Profesionales y administrativas,Profesionales y administrativas,19,M+N,M+N,63167000000000.0,47.433627338082,20991.22897845329
2022,68132.0,1531038.1445717018,64364845.41707953,3346971961.6881356,M+N,Profesionales y administrativas,Profesionales y administrativas,19,M+N,M+N,68132000000000.0,44.50052419762506,20356.31035451991
2023,69437.0,1622162.2061927763,66689018.36140429,3467828954.793023,M+N,Profesionales y administrativas,Profesionales y administrativas,19,M+N,M+N,69437000000000.0,42.805213766488265,20023.19056250695
2024,69146.00000000001,1597153.6050627423,64826055.74789204,3370954898.890386,M+N,Profesionales y administrativas,Profesionales y administrativas,19,M+N,M+N,69146000000000.016,43.29326858782859,20512.28867605459
2025,70057.86743184963,1650883.9489426005,65341818.20533358,3397774546.677346,M+N,Profesionales y administrativas,Profesionales y administrativas,19,M+N,M+N,70057867431849.63,42.436579189422766,20618.751029363793
2010,31284.0,498847.21863817185,25407982.810015645,1321215106.1208136,O,Administración pública,Administración pública,20,O+P+Q,O,31284000000000.0,62.71258780474665,23678.203386466088
2011,34831.0,497581.88134934293,25067567.78520854,1303513524.830844,O,Administración pública,Administración pública,20,O+P+Q,O,34831000000000.0,70.00053921888245,26720.858154900998
2012,37542.99999999999,511574.0320144258,25909181.91368236,1347277459.5114827,O,Administración pública,Administración pública,20,O+P+Q,O,37542999999999.99,73.38722775307197,27865.8265489077
2013,39212.0,528713.4709037251,26538079.81010831,1379980150.1256323,O,Administración pública,Administración pública,20,O+P+Q,O,39212000000000.0,74.16493461567242,28414.901472626378
2014,43522.0,602689.4970201171,29956477.011112463,1557736804.577848,O,Administración pública,Administración pública,20,O+P+Q,O,43522000000000.0,72.21297237663208,27939.251272807032
2015,45796.999999999985,564714.8573628546,27979457.82700313,1454931807.0041628,O,Administración pública,Administración pública,20,O+P+Q,O,45796999999999.984,81.09756526305337,31477.076643406526
2016,47413.0,587208.1301116268,28798447.17804452,1497519253.258315,O,Administración pública,Administración pública,20,O+P+Q,O,47413000000000.0,80.74309187610687,31661.028662461864
2017,49286.00000000001,547378.1720210747,27086864.47353098,1408516952.623611,O,Administración pública,Administración pública,20,O+P+Q,O,49286000000000.01,90.0401267701673,34991.414131151316
2018,52156.99999999999,596458.5618948449,29192207.838468395,1517994807.6003566,O,Administración pública,Administración pública,20,O+P+Q,O,52156999999999.99,87.44446526898079,34359.14256021052
2019,54352.0,617315.8379195145,29868741.95333927,1553174581.573642,O,Administración pública,Administración pública,20,O+P+Q,O,54352000000000.0,88.0456917858738,34994.134365070386
2021,56352.0,590209.4141377328,28629623.33811564,1488740413.5820134,O,Administración pública,Administración pública,20,O+P+Q,O,56352000000000.0,95.47797552895277,37852.13290771972
2022,56962.0,706399.2766273022,34315920.757324696,1784427879.3808842,O,Administración pública,Administración pública,20,O+P+Q,O,56962000000000.0,80.63711541716835,31921.71600668066
2023,59065.99999999999,732266.8495087179,34620547.425709076,1800268466.136872,O,Administración pública,Administración pública,20,O+P+Q,O,59065999999999.99,80.66185167282626,32809.550970332486
2024,60719.000000000015,723042.9500887416,34061382.03631806,1771191865.8885388,O,Administración pública,Administración pública,20,O+P+Q,O,60719000000000.016,83.97703067645948,34281.43566453182
2025,62723.72487733989,812268.4920920301,37513216.41112062,1950687253.3782725,O,Administración pública,Administración pública,20,O+P+Q,O,62723724877339.89,77.22043325328602,32154.68023831735
2010,31079.0,747372.9246987799,27984825.812412858,1455210942.2454686,P,Educación,Educación,21,O+P+Q,P,31079000000000.0,41.58432687741001,21357.041166858897
2011,31864.0,777404.0868983816,28546136.879649512,1484399117.7417746,P,Educación,Educación,21,O+P+Q,P,31864000000000.0,40.9876929347364,21465.924911404487
2012,33081.0,782854.198142224,28693967.703391068,1492086320.5763354,P,Educación,Educación,21,O+P+Q,P,33081000000000.0,42.25691077406735,22170.969295678606
2013,34420.0,814125.5958073972,30030437.812363736,1561582766.2429142,P,Educación,Educación,21,O+P+Q,P,34420000000000.0,42.278488942316656,22041.739153418494
2014,35131.0,795898.5645901476,29789257.49165054,1549041389.565828,P,Educación,Educación,21,O+P+Q,P,35131000000000.0,44.14004693938719,22679.187423033716
2015,36860.0,836379.8037375826,31534430.93179702,1639790408.453445,P,Educación,Educación,21,O+P+Q,P,36860000000000.0,44.07088721569007,22478.48249994596
2016,38467.99999999999,862345.5681329358,32158559.52646361,1672245095.3761077,P,Educación,Educación,21,O+P+Q,P,38467999999999.99,44.60856693829488,23003.804948429573
2017,39046.0,824489.8738603218,31064996.541266244,1615379820.1458447,P,Educación,Educación,21,O+P+Q,P,39046000000000.0,47.357767800329405,24171.40508569355
2018,40259.0,813289.2132407287,30842379.47298925,1603803732.595441,P,Educación,Educación,21,O+P+Q,P,40259000000000.0,49.501455748538966,25102.198717824856
2019,42231.0,901671.6987792786,34441679.60514305,1790967339.4674385,P,Educación,Educación,21,O+P+Q,P,42231000000000.0,46.83633750196898,23579.994492003298
2021,46569.00000000001,730032.4443586989,30385275.401061904,1580034320.855219,P,Educación,Educación,21,O+P+Q,P,46569000000000.01,63.79031556728798,29473.41040971426
2022,47457.0,907183.7908083597,36718647.11077523,1909369649.760312,P,Educación,Educación,21,O+P+Q,P,47457000000000.0,52.31244261729228,24854.799596273773
2023,48731.0,934950.2887033436,37483688.60345046,1949151807.379424,P,Educación,Educación,21,O+P+Q,P,48731000000000.0,52.12148772913227,25001.131166646974
2024,49607.00000000001,938125.8906859118,37347656.88385957,1942078157.9606974,P,Educación,Educación,21,O+P+Q,P,49607000000000.01,52.87883054131444,25543.256226150257
2025,52722.12580203288,1007559.2241345607,39357055.26597307,2046566873.8305995,P,Educación,Educación,21,O+P+Q,P,52722125802032.88,52.32657747470712,25761.252405767635
2010,23573.0,699024.6415635623,30751974.107922055,1599102653.6119468,Q,Salud y servicios sociales,Salud y servicios sociales,22,O+P+Q,Q,23573000000000.0,33.72270246049188,14741.392584619176
2011,23797.0,735520.8621596838,31943762.73538393,1661075662.2399645,Q,Salud y servicios sociales,Salud y servicios sociales,22,O+P+Q,Q,23797000000000.0,32.35394293253044,14326.258906177512
2012,24817.000000000004,746945.10548625,33026258.268091846,1717365429.940776,Q,Salud y servicios sociales,Salud y servicios sociales,22,O+P+Q,Q,24817000000000.004,33.224663790847806,14450.622777969756
2013,27055.0,781208.4918077892,34663534.890802175,1802503814.321713,Q,Salud y servicios sociales,Salud y servicios sociales,22,O+P+Q,Q,27055000000000.0,34.63224002774498,15009.676975458091
2014,27757.999999999996,845553.7205849161,37705571.28983644,1960689707.0714946,Q,Salud y servicios sociales,Salud y servicios sociales,22,O+P+Q,Q,27757999999999.996,32.8281921352061,14157.263079357732
2015,29419.999999999996,787664.7958798549,35623177.13843542,1852405211.198642,Q,Salud y servicios sociales,Salud y servicios sociales,22,O+P+Q,Q,29419999999999.996,37.35091393431721,15882.05421909988
2016,30317.0,803685.6512129904,36006075.017419085,1872315900.9057925,Q,Salud y servicios sociales,Salud y servicios sociales,22,O+P+Q,Q,30317000000000.0,37.722460210958126,16192.246183100397
2017,31891.0,810946.955556061,36243019.08922777,1884636992.6398442,Q,Salud y servicios sociales,Salud y servicios sociales,22,O+P+Q,Q,31891000000000.0,39.32563009393451,16921.561088180548
2018,33503.0,811687.3496187354,36530025.22493121,1899561311.696423,Q,Salud y servicios sociales,Salud y servicios sociales,22,O+P+Q,Q,33503000000000.0,41.275744922890546,17637.230129771277
2019,35748.0,859567.1094135127,38614290.350749396,2007943098.2389686,Q,Salud y servicios sociales,Salud y servicios sociales,22,O+P+Q,Q,35748000000000.0,41.588375833029545,17803.293345987822
2021,41054.0,800321.411668265,37057176.06732656,1926973155.500981,Q,Salud y servicios sociales,Salud y servicios sociales,22,O+P+Q,Q,41054000000000.0,51.296890725968694,21304.915370928786
2022,41167.0,923756.4852473736,42731848.6193707,2222056128.2072763,Q,Salud y servicios sociales,Salud y servicios sociales,22,O+P+Q,Q,41167000000000.0,44.564775086776095,18526.534715940303
2023,44934.00000000001,976356.9664621131,44798550.36026744,2329524618.7339067,Q,Salud y servicios sociales,Salud y servicios sociales,22,O+P+Q,Q,44934000000000.01,46.02210210351753,19288.913986417356
2024,48605.00000000001,988794.8918173425,44509902.10445855,2314514909.4318447,Q,Salud y servicios sociales,Salud y servicios sociales,22,O+P+Q,Q,48605000000000.01,49.15579601212046,21000.08075209648
2025,49788.63414168853,1013370.5095546737,45045432.24680933,2342362476.8340855,Q,Salud y servicios sociales,Salud y servicios sociales,22,O+P+Q,Q,49788634141688.53,49.13171803624735,21255.734171844473
2010,10994.0,965875.4278311717,37982827.89969488,1975107050.784134,R+S,"Arte, recreación y otros servicios","Arte, recreación y otros servicios",23,R+S,R+S,10994000000000.0,11.38242022026227,5566.280569772302
2011,11773.0,978091.0892564524,38845383.93760966,2019959964.7557023,R+S,"Arte, recreación y otros servicios","Arte, recreación y otros servicios",23,R+S,R+S,11773000000000.0,12.036711232028367,5828.333336014334
2012,12139.0,988564.1810439599,38468264.25947565,2000349741.4927337,R+S,"Arte, recreación y otros servicios","Arte, recreación y otros servicios",23,R+S,R+S,12139000000000.0,12.279425284437044,6068.438807576437
2013,13051.0,1043250.9960452437,40099027.76155121,2085149443.600663,R+S,"Arte, recreación y otros servicios","Arte, recreación y otros servicios",23,R+S,R+S,13051000000000.0,12.50993293989053,6259.023802851926
2014,13368.0,1040996.9038226567,40775695.61753237,2120336172.1116834,R+S,"Arte, recreación y otros servicios","Arte, recreación y otros servicios",23,R+S,R+S,13368000000000.0,12.84153675280994,6304.660636283233
2015,13991.0,1058172.3752015494,41255247.0798604,2145272848.1527407,R+S,"Arte, recreación y otros servicios","Arte, recreación y otros servicios",23,R+S,R+S,13991000000000.0,13.221853384081346,6521.781139423557
2016,14842.999999999998,1079975.0715039463,42167036.23877854,2192685884.416484,R+S,"Arte, recreación y otros servicios","Arte, recreación y otros servicios",23,R+S,R+S,14842999999999.998,13.7438357529216,6769.323461007279
2017,15150.0,1090443.701037687,43029143.10618445,2237515441.5215917,R+S,"Arte, recreación y otros servicios","Arte, recreación y otros servicios",23,R+S,R+S,15150000000000.0,13.89342703853759,6770.90299305262
2018,15476.0,1137285.867535175,44874196.065736815,2333458195.4183145,R+S,"Arte, recreación y otros servicios","Arte, recreación y otros servicios",23,R+S,R+S,15476000000000.0,13.607836377621517,6632.216523264368
2019,18057.0,1187013.697714601,47568829.79355449,2473579149.2648335,R+S,"Arte, recreación y otros servicios","Arte, recreación y otros servicios",23,R+S,R+S,18057000000000.0,15.212124371240007,7299.948338166853
2021,23575.999999999996,917403.6113505107,36506574.27653838,1898341862.3799958,R+S,"Arte, recreación y otros servicios","Arte, recreación y otros servicios",23,R+S,R+S,23575999999999.996,25.698612593527667,12419.259390109119
2022,29915.0,1120444.4086594582,45073401.168597616,2343816860.767076,R+S,"Arte, recreación y otros servicios","Arte, recreación y otros servicios",23,R+S,R+S,29915000000000.0,26.6992273501471,12763.36922937295
2023,33520.0,1192273.8856785547,47428927.34815307,2466304222.1039596,R+S,"Arte, recreación y otros servicios","Arte, recreación y otros servicios",23,R+S,R+S,33520000000000.0,28.11434553976067,13591.186237115831
2024,36403.0,1207229.3353039285,48115640.9701596,2502013330.448299,R+S,"Arte, recreación y otros servicios","Arte, recreación y otros servicios",23,R+S,R+S,36403000000000.0,30.154171154924168,14549.4828332819
2025,40570.91580353411,1235100.1965294841,48881124.45547861,2541818471.684888,R+S,"Arte, recreación y otros servicios","Arte, recreación y otros servicios",23,R+S,R+S,40570915803534.11,32.84827896354853,15961.374211212253
2010,4276.0,672332.560084494,30859518.087324865,1604694940.540893,T,Hogares como empleadores,Hogares como empleadores,24,T,T,4276000000000.0,6.359947820261186,2664.6809259326837
2011,4423.000000000001,673838.8305464907,30656524.202031493,1594139258.5056376,T,Hogares como empleadores,Hogares como empleadores,24,T,T,4423000000000.001,6.563884121093021,2774.5380313550313
2012,4545.0,694543.8378288554,31011224.59930014,1612583679.1636071,T,Hogares como empleadores,Hogares como empleadores,24,T,T,4545000000000.0,6.543863399908166,2818.458389928229
2013,4668.0,665319.7496871307,28706201.455479052,1492722475.6849108,T,Hogares como empleadores,Hogares como empleadores,24,T,T,4668000000000.0,7.016175308481593,3127.1720470733626
2014,4844.0,667758.3570394486,28745559.063397292,1494769071.2966592,T,Hogares como empleadores,Hogares como empleadores,24,T,T,4844000000000.0,7.254121118717553,3240.63435149752
2015,4991.0,721864.1352709787,30312229.996268623,1576235959.8059683,T,Hogares como empleadores,Hogares como empleadores,24,T,T,4991000000000.0,6.914043455180719,3166.4040963856596
2016,5191.0,636905.0396277457,26833427.355182383,1395338222.4694839,T,Hogares como empleadores,Hogares como empleadores,24,T,T,5191000000000.0,8.15035158621763,3720.2449674265463
2017,5306.0,621886.9471235409,26180245.310503636,1361372756.146189,T,Hogares como empleadores,Hogares como empleadores,24,T,T,5306000000000.0,8.53209739252806,3897.5364947219664
2018,5449.0,612092.5807872534,25762091.27059535,1339628746.0709581,T,Hogares como empleadores,Hogares como empleadores,24,T,T,5449000000000.0,8.90224807657638,4067.544844779984
2019,5608.0,674776.2515007491,27581090.41968606,1434216701.8236752,T,Hogares como empleadores,Hogares como empleadores,24,T,T,5608000000000.0,8.31090304012244,3910.148301068562
2021,4542.0,495820.52917267877,20527942.711577278,1067453021.0020185,T,Hogares como empleadores,Hogares como empleadores,24,T,T,4542000000000.0,9.160572692661066,4254.988192113994
2022,6090.0,658607.990417401,27194752.05448866,1414127106.8334103,T,Hogares como empleadores,Hogares como empleadores,24,T,T,6090000000000.0,9.246775150936733,4306.5435706391745
2023,6238.000000000002,668243.1400616989,27422795.00917329,1425985340.477011,T,Hogares como empleadores,Hogares como empleadores,24,T,T,6238000000000.002,9.334925607203461,4374.519024096916
2024,6616.0,700543.4605649099,28513557.672845487,1482704998.9879653,T,Hogares como empleadores,Hogares como empleadores,24,T,T,6616000000000.0,9.444096437164566,4462.114853943175
2025,6724.33785508047,715904.3419566725,29001000.43591156,1508052022.667401,T,Hogares como empleadores,Hogares como empleadores,24,T,T,6724337855080.47,9.392788199470699,4458.956159341668
